{
 "current": {
  "metrics": {
   "n": 1072,
   "far": 3.176056180110043,
   "coverage": 0.27639965671864736,
   "h_mean": 34.416044776119406,
   "h_max": 228.0,
   "h_cv": 0.8126066064177274,
   "grain": 421.71311548449944,
   "slender": 1.3811435449853469,
   "concentration": 0.17550610760929272
  },
  "gfa_by_class": {
   "state": 735264.5159088545,
   "developer": 1369403.3474863584,
   "resident": 4505597.878723569,
   "unknown": 9608.900789561685
  }
 },
 "vignette_v1_proposal": {
  "metrics": {
   "n": 1072,
   "far": 3.1817767750913575,
   "coverage": 0.27639965671864736,
   "h_mean": 31.258806910001688,
   "h_max": 600.0,
   "h_cv": 1.7227893933826035,
   "grain": 421.71311548449944,
   "slender": 0.8842624995489317,
   "concentration": 0.5033431226168481
  },
  "gfa_by_class": {
   "state": 3094536.176002489,
   "developer": 601854.7537259527,
   "resident": 2932759.467387258,
   "unknown": 2647.7192803979697
  }
 },
 "vignette_v2_resident_counter": {
  "metrics": {
   "n": 1072,
   "far": 2.9959515707516675,
   "coverage": 0.27639965671864736,
   "h_mean": 34.588622921149565,
   "h_max": 228.0,
   "h_cv": 0.872834120571548,
   "grain": 421.71311548449944,
   "slender": 1.384342600394365,
   "concentration": 0.2849273652284862
  },
  "gfa_by_class": {
   "state": 1262130.457387086,
   "developer": 474266.8438660633,
   "resident": 4505597.878723569,
   "unknown": 2486.2491626196106
  }
 },
 "vignette_v3_shared_ground": {
  "metrics": {
   "n": 1072,
   "far": 2.724979233476581,
   "coverage": 0.22807838484435483,
   "h_mean": 39.1172837890315,
   "h_max": 228.0,
   "h_cv": 0.8979526395581742,
   "grain": 391.1318458141346,
   "slender": 1.4972533577552332,
   "concentration": 0.22470178418105424
  },
  "gfa_by_class": {
   "state": 769718.8878453451,
   "developer": 401889.00077379943,
   "resident": 4505597.878723569,
   "unknown": 2486.2491626196106
  }
 }
}