{
 "all": {
  "n_features": 21,
  "pca_evr": [
   0.21124803905443157,
   0.12233626251855619,
   0.10538374872322172,
   0.08318719070417996,
   0.0600984923830815
  ],
  "pca2": {
   "acc": 0.8128454856541195,
   "bal_acc": 0.5720907023642345,
   "recall": {
    "state": 0.3818301514154049,
    "developer": 0.8286784741144414,
    "resident": 0.9158823529411765,
    "unknown": 0.1619718309859155
   }
  },
  "ae2": {
   "acc": 0.9813986136702642,
   "bal_acc": 0.8884726455700068,
   "recall": {
    "state": 0.97761685319289,
    "developer": 0.9799046321525886,
    "resident": 0.990735294117647,
    "unknown": 0.6056338028169014
   }
  },
  "vae2": {
   "acc": 0.9814863560586119,
   "bal_acc": 0.9044345480251382,
   "recall": {
    "state": 0.9723502304147466,
    "developer": 0.9778610354223434,
    "resident": 0.9914705882352941,
    "unknown": 0.676056338028169
   }
  },
  "fullD": {
   "acc": 0.9828902342721769,
   "bal_acc": 0.8849834640296838,
   "recall": {
    "state": 0.9815668202764977,
    "developer": 0.9819482288828338,
    "resident": 0.9919117647058824,
    "unknown": 0.5845070422535211
   }
  },
  "sil_sh_2d": 0.0153843733271589,
  "sil_sh_full": 0.23723558228265962,
  "sil_site_2d": -0.10618500444470709,
  "sil_site_full": -0.06609109096821374,
  "sil_euf_2d": 0.04180394570606326,
  "sil_euf_full": 0.3321157940770601,
  "sil_sh_ae2": 0.1588844327648383
 },
 "phys": {
  "n_features": 7,
  "pca_evr": [
   0.5143322014044919,
   0.2341395465015369
  ],
  "pca2": {
   "acc": 0.5707642362025094,
   "bal_acc": 0.3168589400030031,
   "recall": {
    "state": 0.06254114549045425,
    "developer": 0.46151226158038144,
    "resident": 0.7433823529411765,
    "unknown": 0.0
   }
  },
  "ae2": {
   "acc": 0.6214793366675441,
   "bal_acc": 0.3360638639080489,
   "recall": {
    "state": 0.05200789993416721,
    "developer": 0.46151226158038144,
    "resident": 0.830735294117647,
    "unknown": 0.0
   }
  },
  "vae2": {
   "acc": 0.6223567605510222,
   "bal_acc": 0.3363976437898707,
   "recall": {
    "state": 0.044107965766951945,
    "developer": 0.4720708446866485,
    "resident": 0.8294117647058824,
    "unknown": 0.0
   }
  },
  "fullD": {
   "acc": 0.622005790997631,
   "bal_acc": 0.34708280306057554,
   "recall": {
    "state": 0.07373271889400922,
    "developer": 0.5078337874659401,
    "resident": 0.8067647058823529,
    "unknown": 0.0
   }
  },
  "sil_sh_2d": -0.13375414630172602,
  "sil_sh_full": -0.09153124727340244,
  "sil_site_2d": -0.08791361437905974,
  "sil_site_full": -0.0660056781802893,
  "sil_euf_2d": -0.08510131108131062,
  "sil_euf_full": -0.04641359331027263,
  "sil_sh_ae2": -0.2387319896521756
 },
 "euluc_coverage": 0.9660436957093972,
 "n": 11397,
 "prevalence": {
  "resident": 0.5966482407651136,
  "developer": 0.2576116521891726,
  "state": 0.13328068790032466,
  "unknown": 0.012459419145389138
 },
 "sites": {
  "lujiazui": 1849,
  "nanjingxi": 999,
  "caoyang": 1072,
  "pengpu": 1821,
  "laoximen": 923,
  "yuyuan": 819,
  "dapuqiao": 785,
  "zhangjiang": 3129
 },
 "r2": {
  "ae_all": 0.9766030688749147,
  "vae_all": 0.9591032491132079,
  "ae_phys": 0.9867788820490238,
  "vae_phys": 0.9734205634662496
 },
 "pc1_loadings": {
  "log_h": 0.453,
  "log_area": 0.213,
  "log_gfa": 0.378,
  "slender": 0.345,
  "AGE": 0.216,
  "age_known": 0.206,
  "far_actual": 0.376,
  "far_allowed": -0.048,
  "GAP": -0.416,
  "weakness": -0.225,
  "eu:NA": -0.085,
  "eu:交通场站用地": 0.018,
  "eu:体育与文化用地": -0.001,
  "eu:公园与绿地用地": 0.013,
  "eu:医疗卫生用地": 0.013,
  "eu:商业服务用地": -0.032,
  "eu:商务办公用地": -0.041,
  "eu:居住用地": 0.117,
  "eu:工业用地": -0.085,
  "eu:教育科研用地": -0.013,
  "eu:行政办公用地": -0.029
 },
 "pc2_loadings": {
  "log_h": 0.059,
  "log_area": 0.223,
  "log_gfa": 0.179,
  "slender": -0.064,
  "AGE": 0.226,
  "age_known": 0.25,
  "far_actual": 0.067,
  "far_allowed": 0.521,
  "GAP": 0.215,
  "weakness": 0.387,
  "eu:NA": -0.001,
  "eu:交通场站用地": -0.071,
  "eu:体育与文化用地": -0.049,
  "eu:公园与绿地用地": -0.331,
  "eu:医疗卫生用地": -0.034,
  "eu:商业服务用地": 0.135,
  "eu:商务办公用地": 0.385,
  "eu:居住用地": -0.161,
  "eu:工业用地": -0.042,
  "eu:教育科研用地": -0.036,
  "eu:行政办公用地": 0.106
 },
 "_note": "SUPPLEMENTARY, NEXT_RUN_10 Task E. Real cached buildings only. purity = 5-fold cross-validated 10-NN on the embedding."
}