{"caoyang": {"current": {"n": 1072, "skew": 2.596087674463025, "kurt": 8.922902257449577, "cv": 0.8126066064177274, "dip": 0.0708955223880597, "dip_p": 0.0}, "developer_led": {"n": 1140, "skew": 1.8595086989191478, "kurt": 4.005009823288881, "cv": 0.7672097765577128, "dip": 0.07017543859649118, "dip_p": 0.0}, "state_led": {"n": 1072, "skew": 5.944892319051774, "kurt": 46.18069743166166, "cv": 1.7227893933826037, "dip": 0.014274621537789054, "dip_p": 0.15696044765551842}, "resident_self_build": {"n": 5467, "skew": 16.484189509025963, "kurt": 358.6962175416721, "cv": 0.3127359578351341, "dip": 0.04591183464422899, "dip_p": 0.0}, "shared": {"n": 1072, "skew": 1.6210343151811715, "kurt": 3.8784571353400397, "cv": 0.24234487725962925, "dip": 0.06996268656716417, "dip_p": 0.0}}, "dapuqiao": {"current": {"n": 785, "skew": 2.1298725932518945, "kurt": 4.424305906734418, "cv": 1.1109815099857399, "dip": 0.10127388535031848, "dip_p": 0.0}, "developer_led": {"n": 865, "skew": 1.6882455038492394, "kurt": 1.653640138291065, "cv": 1.0085260891892964, "dip": 0.08728323699421965, "dip_p": 0.0}, "state_led": {"n": 785, "skew": 4.832097357236107, "kurt": 27.251168468318415, "cv": 2.061788391254698, "dip": 0.009167607882141876, "dip_p": 0.9690778545665081}, "resident_self_build": {"n": 4602, "skew": 13.930493323802331, "kurt": 213.97555328023654, "cv": 0.5730202908692159, "dip": 0.036831812255541066, "dip_p": 0.0}, "shared": {"n": 785, "skew": 1.516014158296623, "kurt": 1.293270596071987, "cv": 0.45140384424176244, "dip": 0.08853503184713375, "dip_p": 0.0}}, "laoximen": {"current": {"n": 923, "skew": 2.9941707304571996, "kurt": 8.458698643099062, "cv": 1.2335772158522254, "dip": 0.17009750812567714, "dip_p": 0.0}, "developer_led": {"n": 973, "skew": 2.8164318103073853, "kurt": 7.1407607288146, "cv": 1.131552151061183, "dip": 0.1551901336073998, "dip_p": 0.0}, "state_led": {"n": 923, "skew": 6.326044051568133, "kurt": 47.05128923002614, "cv": 2.3820606042321626, "dip": 0.005684070571884029, "dip_p": 0.9997449750363565}, "resident_self_build": {"n": 4174, "skew": 19.097229839501434, "kurt": 402.20566040863264, "cv": 0.4897504005729758, "dip": 0.04420220412074748, "dip_p": 0.0}, "shared": {"n": 923, "skew": 2.455161887651635, "kurt": 5.438817374421076, "cv": 0.4282140430654069, "dip": 0.1560130010834236, "dip_p": 0.0}}, "yuyuan": {"current": {"n": 819, "skew": 4.55666246470693, "kurt": 22.516176179926696, "cv": 1.2027275030336033, "dip": 0.16117216117216118, "dip_p": 0.0}, "developer_led": {"n": 903, "skew": 3.5052327107857284, "kurt": 12.659768079889027, "cv": 1.0453664405080356, "dip": 0.1461794019933555, "dip_p": 0.0}, "state_led": {"n": 819, "skew": 9.030071932814646, "kurt": 95.99357690148315, "cv": 2.713081762812327, "dip": 0.008440020781071755, "dip_p": 0.9881528846070914}, "resident_self_build": {"n": 4049, "skew": 18.202369110628723, "kurt": 404.51865931348453, "cv": 0.278637943570844, "dip": 0.04087428994813534, "dip_p": 0.0}, "shared": {"n": 819, "skew": 3.5758633725115105, "kurt": 14.358425124817874, "cv": 0.3254190762381846, "dip": 0.15445665445665446, "dip_p": 0.0}}, "lujiazui": {"current": {"n": 1849, "skew": 3.753294480349551, "kurt": 19.539760951962617, "cv": 1.2901633570374162, "dip": 0.08409951325040563, "dip_p": 0.0}, "developer_led": {"n": 2119, "skew": 1.4847844574509006, "kurt": 0.9441583926896842, "cv": 0.9590464235513659, "dip": 0.06512505899008966, "dip_p": 0.0}, "state_led": {"n": 1849, "skew": 4.423009083013495, "kurt": 23.744370485280477, "cv": 1.7847316113745078, "dip": 0.008732653915044719, "dip_p": 0.4896316994714174}, "resident_self_build": {"n": 11135, "skew": 22.306521650178905, "kurt": 657.1370926930974, "cv": 0.35532795516178467, "dip": 0.03775181859003122, "dip_p": 0.0}, "shared": {"n": 1849, "skew": 1.6955820609430718, "kurt": 2.198207440460239, "cv": 0.3574270378204429, "dip": 0.06192536506219578, "dip_p": 0.0}}}