{"caoyang": {"name": "曹杨新村街道", "source": "baidu_v2", "rows": {"current": {"n": 1072, "far": 3.176056180110043, "coverage": 0.27639965671864736, "h_mean": 34.416044776119406, "h_max": 228.0, "h_cv": 0.8126066064177274, "grain": 421.71311548449944, "slender": 1.3811435449853469, "concentration": 0.17550610760929272}, "developer_led": {"n": 1140, "far": 5.225716295835216, "coverage": 0.14061243333001974, "h_mean": 127.78421052631579, "h_max": 480.0, "h_cv": 0.7672097765577128, "grain": 201.67136732264163, "slender": 7.9636003221234635, "concentration": 0.1636255416482566}, "state_led": {"n": 1072, "far": 3.1817767750913584, "coverage": 0.27639965671864736, "h_mean": 31.258806910001695, "h_max": 600.0, "h_cv": 1.7227893933826037, "grain": 421.71311548449944, "slender": 0.8842624995489319, "concentration": 0.5033431226168482}, "resident_self_build": {"n": 5467, "far": 1.0596109716581654, "coverage": 0.1948132548203181, "h_mean": 14.937876744100969, "h_max": 156.0, "h_cv": 0.3127359578351341, "grain": 62.43055833116473, "slender": 1.8267196106880692, "concentration": 0.26544194517296904}, "shared": {"n": 1072, "far": 2.689932666690703, "coverage": 0.17764531243597784, "h_mean": 51.16679104477612, "h_max": 95.0, "h_cv": 0.24234487725962925, "grain": 256.39631671886696, "slender": 3.2228219833304355, "concentration": 0.19287163278170716}}}, "dapuqiao": {"name": "打浦桥街道", "source": "baidu_v2", "rows": {"current": {"n": 785, "far": 4.282118617908655, "coverage": 0.31796582420142727, "h_mean": 39.54649681528662, "h_max": 312.0, "h_cv": 1.1109815099857399, "grain": 441.3519529332315, "slender": 1.1369220124490227, "concentration": 0.3292381025574992}, "developer_led": {"n": 865, "far": 6.55424496705417, "coverage": 0.1682283841885189, "h_mean": 133.8936416184971, "h_max": 480.0, "h_cv": 1.0085260891892964, "grain": 232.51458841745483, "slender": 6.271206569135085, "concentration": 0.3265466507799832}, "state_led": {"n": 785, "far": 4.1256087674470905, "coverage": 0.31796582420142727, "h_mean": 37.72627337866569, "h_max": 600.0, "h_cv": 2.061788391254698, "grain": 441.3519529332315, "slender": 0.6668869227117565, "concentration": 0.5375551446196803}, "resident_self_build": {"n": 4602, "far": 1.4682288258122942, "coverage": 0.23131605529820223, "h_mean": 15.29769627118644, "h_max": 180.0, "h_cv": 0.5730202908692159, "grain": 64.40138030269094, "slender": 1.7992634218845098, "concentration": 0.287629299365915}, "shared": {"n": 785, "far": 2.4330567549767474, "coverage": 0.20906586782844697, "h_mean": 37.9796178343949, "h_max": 81.00000000000001, "h_cv": 0.45140384424176244, "grain": 281.00989389084316, "slender": 2.177774952256795, "concentration": 0.2906308491157473}}}, "laoximen": {"name": "老西门街道", "source": "baidu_v2", "rows": {"current": {"n": 923, "far": 3.719163566193214, "coverage": 0.370486352095026, "h_mean": 27.295774647887324, "h_max": 198.0, "h_cv": 1.2335772158522254, "grain": 348.910532885045, "slender": 0.9409119943641047, "concentration": 0.1814862671998014}, "developer_led": {"n": 973, "far": 5.933357677446867, "coverage": 0.19176243511588598, "h_mean": 93.4902363823227, "h_max": 480.0, "h_cv": 1.131552151061183, "grain": 175.32651192866282, "slender": 5.06806474611286, "concentration": 0.18469042549737727}, "state_led": {"n": 923, "far": 3.7582155792220897, "coverage": 0.370486352095026, "h_mean": 26.123820874545775, "h_max": 600.0, "h_cv": 2.3820606042321626, "grain": 348.910532885045, "slender": 0.46764593354905293, "concentration": 0.3829941353257132}, "resident_self_build": {"n": 4174, "far": 1.4831026786036725, "coverage": 0.27085796209086993, "h_mean": 14.96135426449449, "h_max": 192.0, "h_cv": 0.4897504005729758, "grain": 62.70972593114967, "slender": 1.8127986451126727, "concentration": 0.15751665933382245}, "shared": {"n": 923, "far": 2.49338947531955, "coverage": 0.24050532156467852, "h_mean": 33.10595882990249, "h_max": 81.00000000000001, "h_cv": 0.4282140430654069, "grain": 214.92247279061456, "slender": 2.190801404207249, "concentration": 0.17567492337855026}}}, "yuyuan": {"name": "豫园街道", "source": "baidu_v2", "rows": {"current": {"n": 819, "far": 2.9930071563158065, "coverage": 0.36228560221506606, "h_mean": 22.0, "h_max": 192.0, "h_cv": 1.2027275030336033, "grain": 355.00314636661835, "slender": 0.865221867211196, "concentration": 0.198441440878897}, "developer_led": {"n": 903, "far": 4.7282501423982435, "coverage": 0.18298755994383142, "h_mean": 82.36544850498339, "h_max": 480.0, "h_cv": 1.0453664405080356, "grain": 192.24984299863948, "slender": 4.830747033850475, "concentration": 0.17020662690170849}, "state_led": {"n": 819, "far": 2.691309468486523, "coverage": 0.36228560221506606, "h_mean": 18.175632805414978, "h_max": 600.0, "h_cv": 2.713081762812327, "grain": 355.00314636661835, "slender": 0.4354493746381722, "concentration": 0.47576945652315655}, "resident_self_build": {"n": 4049, "far": 1.3318712679322504, "coverage": 0.2641334515035131, "h_mean": 14.772801427512965, "h_max": 120.0, "h_cv": 0.278637943570844, "grain": 66.67368515948812, "slender": 1.7644939984798642, "concentration": 0.23325449460470243}, "shared": {"n": 819, "far": 2.223470109246261, "coverage": 0.2318870260177485, "h_mean": 30.825641025641026, "h_max": 81.00000000000001, "h_cv": 0.3254190762381846, "grain": 229.3304860917063, "slender": 2.001351764456242, "concentration": 0.17568062894556025}}}, "lujiazui": {"name": "陆家嘴街道", "source": "baidu_v2", "rows": {"current": {"n": 1849, "far": 3.2602251301696143, "coverage": 0.17929980023555567, "h_mean": 41.127095727420226, "h_max": 606.0, "h_cv": 1.2901633570374162, "grain": 418.8193050202478, "slender": 1.3012991443138089, "concentration": 0.31710390083676304}, "developer_led": {"n": 2119, "far": 4.173744668924302, "coverage": 0.09434383843847159, "h_mean": 147.45445965077866, "h_max": 480.0, "h_cv": 0.9590464235513659, "grain": 230.37258531510986, "slender": 7.574926650311229, "concentration": 0.2559751396971044}, "state_led": {"n": 1849, "far": 3.1107554031542155, "coverage": 0.17929980023555567, "h_mean": 39.26124584568366, "h_max": 600.0, "h_cv": 1.7847316113745078, "grain": 418.8193050202478, "slender": 0.887839340542106, "concentration": 0.5065934318148513}, "resident_self_build": {"n": 11135, "far": 0.6853509938440226, "coverage": 0.13138882241162392, "h_mean": 15.037584800179614, "h_max": 216.0, "h_cv": 0.35532795516178467, "grain": 66.84229270679708, "slender": 1.7530266318402188, "concentration": 0.22837427583916475}, "shared": {"n": 1849, "far": 1.6604641800592828, "coverage": 0.11751364620127532, "h_mean": 44.90351541373716, "h_max": 92.80000000000001, "h_cv": 0.3574270378204429, "grain": 259.31833037122476, "slender": 2.680024403462724, "concentration": 0.2477011304545738}}}}